,Movie_Name,Released_year,Director,movie_Rating,User_voting,Movie_details_Link
0,The Shawshank Redemption,1994,"Frank Darabont (dir.), Tim Robbins, Morgan Freeman",9.2,2686536,/title/tt0111161/
1,The Godfather,1972,"Francis Ford Coppola (dir.), Marlon Brando, Al Pacino",9.2,1863088,/title/tt0068646/
2,The Dark Knight,2008,"Christopher Nolan (dir.), Christian Bale, Heath Ledger",9,2659780,/title/tt0468569/
3,The Godfather Part II,1974,"Francis Ford Coppola (dir.), Al Pacino, Robert De Niro",9,1274722,/title/tt0071562/
4,12 Angry Men,1957,"Sidney Lumet (dir.), Henry Fonda, Lee J. Cobb",9,793574,/title/tt0050083/
5,Schindler's List,1993,"Steven Spielberg (dir.), Liam Neeson, Ralph Fiennes",8.9,1358939,/title/tt0108052/
6,The Lord of the Rings: The Return of the King,2003,"Peter Jackson (dir.), Elijah Wood, Viggo Mortensen",8.9,1850920,/title/tt0167260/
7,Pulp Fiction,1994,"Quentin Tarantino (dir.), John Travolta, Uma Thurman",8.8,2061179,/title/tt0110912/
8,The Lord of the Rings: The Fellowship of the Ring,2001,"Peter Jackson (dir.), Elijah Wood, Ian McKellen",8.8,1880511,/title/tt0120737/
9," Il buono, il brutto, il cattivo",1966,"Sergio Leone (dir.), Clint Eastwood, Eli Wallach",8.8,764386,/title/tt0060196/
10,Forrest Gump,1994,"Robert Zemeckis (dir.), Tom Hanks, Robin Wright",8.8,2085260,/title/tt0109830/
11,Fight Club,1999,"David Fincher (dir.), Brad Pitt, Edward Norton",8.7,2131960,/title/tt0137523/
12,The Lord of the Rings: The Two Towers,2002,"Peter Jackson (dir.), Elijah Wood, Ian McKellen",8.7,1671405,/title/tt0167261/
13,Inception,2010,"Christopher Nolan (dir.), Leonardo DiCaprio, Joseph Gordon-Levitt",8.7,2359239,/title/tt1375666/
14,The Empire Strikes Back,1980,"Irvin Kershner (dir.), Mark Hamill, Harrison Ford",8.7,1296078,/title/tt0080684/
15,The Matrix,1999,"Lana Wachowski (dir.), Keanu Reeves, Laurence Fishburne",8.7,1918034,/title/tt0133093/
16,GoodFellas,1990,"Martin Scorsese (dir.), Robert De Niro, Ray Liotta",8.7,1165543,/title/tt0099685/
17,One Flew Over the Cuckoo's Nest,1975,"Milos Forman (dir.), Jack Nicholson, Louise Fletcher",8.6,1010909,/title/tt0073486/
18,Se7en,1995,"David Fincher (dir.), Morgan Freeman, Brad Pitt",8.6,1657900,/title/tt0114369/
19,Shichinin no samurai,1954,"Akira Kurosawa (dir.), Toshirô Mifune, Takashi Shimura",8.6,347808,/title/tt0047478/
20,It's a Wonderful Life,1946,"Frank Capra (dir.), James Stewart, Donna Reed",8.6,465032,/title/tt0038650/
21,The Silence of the Lambs,1991,"Jonathan Demme (dir.), Jodie Foster, Anthony Hopkins",8.6,1436902,/title/tt0102926/
22,Cidade de Deus,2002,"Fernando Meirelles (dir.), Alexandre Rodrigues, Leandro Firmino",8.6,759528,/title/tt0317248/
23,Saving Private Ryan,1998,"Steven Spielberg (dir.), Tom Hanks, Matt Damon",8.6,1395679,/title/tt0120815/
24,La vita è bella,1997,"Roberto Benigni (dir.), Roberto Benigni, Nicoletta Braschi",8.6,697951,/title/tt0118799/
25,Interstellar,2014,"Christopher Nolan (dir.), Matthew McConaughey, Anne Hathaway",8.6,1839724,/title/tt0816692/
26,The Green Mile,1999,"Frank Darabont (dir.), Tom Hanks, Michael Clarke Duncan",8.6,1306099,/title/tt0120689/
27,Star Wars,1977,"George Lucas (dir.), Mark Hamill, Harrison Ford",8.5,1368667,/title/tt0076759/
28,Terminator 2: Judgment Day,1991,"James Cameron (dir.), Arnold Schwarzenegger, Linda Hamilton",8.5,1102904,/title/tt0103064/
29,Back to the Future,1985,"Robert Zemeckis (dir.), Michael J. Fox, Christopher Lloyd",8.5,1210065,/title/tt0088763/
30,Sen to Chihiro no kamikakushi,2001,"Hayao Miyazaki (dir.), Daveigh Chase, Suzanne Pleshette",8.5,767418,/title/tt0245429/
31,The Pianist,2002,"Roman Polanski (dir.), Adrien Brody, Thomas Kretschmann",8.5,835805,/title/tt0253474/
32,Psycho,1960,"Alfred Hitchcock (dir.), Anthony Perkins, Janet Leigh",8.5,674979,/title/tt0054215/
33,Gisaengchung,2019,"Bong Joon Ho (dir.), Song Kang-ho, Lee Sun-kyun",8.5,809795,/title/tt6751668/
34,Léon,1994,"Luc Besson (dir.), Jean Reno, Gary Oldman",8.5,1165474,/title/tt0110413/
35,The Lion King,1994,"Roger Allers (dir.), Matthew Broderick, Jeremy Irons",8.5,1062033,/title/tt0110357/
36,Gladiator,2000,"Ridley Scott (dir.), Russell Crowe, Joaquin Phoenix",8.5,1505251,/title/tt0172495/
37,American History X,1998,"Tony Kaye (dir.), Edward Norton, Edward Furlong",8.5,1126174,/title/tt0120586/
38,The Departed,2006,"Martin Scorsese (dir.), Leonardo DiCaprio, Matt Damon",8.5,1329627,/title/tt0407887/
39,The Usual Suspects,1995,"Bryan Singer (dir.), Kevin Spacey, Gabriel Byrne",8.5,1088726,/title/tt0114814/
40,The Prestige,2006,"Christopher Nolan (dir.), Christian Bale, Hugh Jackman",8.5,1337676,/title/tt0482571/
41,Whiplash,2014,"Damien Chazelle (dir.), Miles Teller, J.K. Simmons",8.5,867880,/title/tt2582802/
42,Casablanca,1942,"Michael Curtiz (dir.), Humphrey Bogart, Ingrid Bergman",8.5,574503,/title/tt0034583/
43,Seppuku,1962,"Masaki Kobayashi (dir.), Tatsuya Nakadai, Akira Ishihama",8.5,58271,/title/tt0056058/
44,Hotaru no haka,1988,"Isao Takahata (dir.), Tsutomu Tatsumi, Ayano Shiraishi",8.5,279826,/title/tt0095327/
45,The Intouchables,2011,"Olivier Nakache (dir.), François Cluzet, Omar Sy",8.5,862494,/title/tt1675434/
46,Modern Times,1936,"Charles Chaplin (dir.), Charles Chaplin, Paulette Goddard",8.4,244414,/title/tt0027977/
47,Once Upon a Time in the West,1968,"Sergio Leone (dir.), Henry Fonda, Charles Bronson",8.4,331853,/title/tt0064116/
48,Rear Window,1954,"Alfred Hitchcock (dir.), James Stewart, Grace Kelly",8.4,494358,/title/tt0047396/
49,Nuovo Cinema Paradiso,1988,"Giuseppe Tornatore (dir.), Philippe Noiret, Enzo Cannavale",8.4,263221,/title/tt0095765/
50,Alien,1979,"Ridley Scott (dir.), Sigourney Weaver, Tom Skerritt",8.4,886563,/title/tt0078748/
51,City Lights,1931,"Charles Chaplin (dir.), Charles Chaplin, Virginia Cherrill",8.4,186200,/title/tt0021749/
52,Apocalypse Now,1979,"Francis Ford Coppola (dir.), Martin Sheen, Marlon Brando",8.4,670675,/title/tt0078788/
53,Memento,2000,"Christopher Nolan (dir.), Guy Pearce, Carrie-Anne Moss",8.4,1242444,/title/tt0209144/
54,Django Unchained,2012,"Quentin Tarantino (dir.), Jamie Foxx, Christoph Waltz",8.4,1560118,/title/tt1853728/
55,Raiders of the Lost Ark,1981,"Steven Spielberg (dir.), Harrison Ford, Karen Allen",8.4,970190,/title/tt0082971/
56,WALL·E,2008,"Andrew Stanton (dir.), Ben Burtt, Elissa Knight",8.4,1119811,/title/tt0910970/
57,The Lives of Others,2006,"Florian Henckel von Donnersmarck (dir.), Ulrich Mühe, Martina Gedeck",8.4,391750,/title/tt0405094/
58,Sunset Blvd,1950,"Billy Wilder (dir.), William Holden, Gloria Swanson",8.4,223757,/title/tt0043014/
59,Paths of Glory,1957,"Stanley Kubrick (dir.), Kirk Douglas, Ralph Meeker",8.4,199117,/title/tt0050825/
60,The Shining,1980,"Stanley Kubrick (dir.), Jack Nicholson, Shelley Duvall",8.4,1026758,/title/tt0081505/
61,The Great Dictator,1940,"Charles Chaplin (dir.), Charles Chaplin, Paulette Goddard",8.4,225603,/title/tt0032553/
62,Avengers: Infinity War,2018,"Anthony Russo (dir.), Robert Downey Jr., Chris Hemsworth",8.4,1085794,/title/tt4154756/
63,Witness for the Prosecution,1957,"Billy Wilder (dir.), Tyrone Power, Marlene Dietrich",8.4,127033,/title/tt0051201/
64,Aliens,1986,"James Cameron (dir.), Sigourney Weaver, Michael Biehn",8.3,721258,/title/tt0090605/
65,Spider-Man: Into the Spider-Verse,2018,"Bob Persichetti (dir.), Shameik Moore, Jake Johnson",8.3,534334,/title/tt4633694/
66,American Beauty,1999,"Sam Mendes (dir.), Kevin Spacey, Annette Bening",8.3,1158396,/title/tt0169547/
67,Dr Strangelove or: How I Learned to Stop Worrying and Love the Bomb,1964,"Stanley Kubrick (dir.), Peter Sellers, George C. Scott",8.3,493650,/title/tt0057012/
68,The Dark Knight Rises,2012,"Christopher Nolan (dir.), Christian Bale, Tom Hardy",8.3,1709728,/title/tt1345836/
69,Oldeuboi,2003,"Park Chan-wook (dir.), Choi Min-sik, Yoo Ji-tae",8.3,583057,/title/tt0364569/
70,Inglourious Basterds,2009,"Quentin Tarantino (dir.), Brad Pitt, Diane Kruger",8.3,1455344,/title/tt0361748/
71,Amadeus,1984,"Milos Forman (dir.), F. Murray Abraham, Tom Hulce",8.3,403649,/title/tt0086879/
72,Coco,2017,"Lee Unkrich (dir.), Anthony Gonzalez, Gael García Bernal",8.3,512908,/title/tt2380307/
73,Joker,2019,"Todd Phillips (dir.), Joaquin Phoenix, Robert De Niro",8.3,1294004,/title/tt7286456/
74,Toy Story,1995,"John Lasseter (dir.), Tom Hanks, Tim Allen",8.3,997577,/title/tt0114709/
75,Braveheart,1995,"Mel Gibson (dir.), Mel Gibson, Sophie Marceau",8.3,1041134,/title/tt0112573/
76,Das Boot,1981,"Wolfgang Petersen (dir.), Jürgen Prochnow, Herbert Grönemeyer",8.3,252739,/title/tt0082096/
77,Avengers: Endgame,2019,"Anthony Russo (dir.), Robert Downey Jr., Chris Evans",8.3,1136424,/title/tt4154796/
78,Mononoke-hime,1997,"Hayao Miyazaki (dir.), Yôji Matsuda, Yuriko Ishida",8.3,397591,/title/tt0119698/
79,Once Upon a Time in America,1984,"Sergio Leone (dir.), Robert De Niro, James Woods",8.3,354448,/title/tt0087843/
80,Good Will Hunting,1997,"Gus Van Sant (dir.), Robin Williams, Matt Damon",8.3,976474,/title/tt0119217/
81,Kimi no Na wa,2016,"Makoto Shinkai (dir.), Ryûnosuke Kamiki, Mone Kamishiraishi",8.3,271925,/title/tt5311514/
82,Requiem for a Dream,2000,"Darren Aronofsky (dir.), Ellen Burstyn, Jared Leto",8.3,846220,/title/tt0180093/
83,3 Idiots,2009,"Rajkumar Hirani (dir.), Aamir Khan, Madhavan",8.3,402881,/title/tt1187043/
84,Singin' in the Rain,1952,"Stanley Donen (dir.), Gene Kelly, Donald O'Connor",8.3,244767,/title/tt0045152/
85,Toy Story 3,2010,"Lee Unkrich (dir.), Tom Hanks, Tim Allen",8.3,839603,/title/tt0435761/
86,Tengoku to jigoku,1963,"Akira Kurosawa (dir.), Toshirô Mifune, Yutaka Sada",8.3,45982,/title/tt0057565/
87,Capharnaüm,2018,"Nadine Labaki (dir.), Zain Al Rafeea, Yordanos Shiferaw",8.3,91288,/title/tt8267604/
88,Star Wars: Episode VI - Return of the Jedi,1983,"Richard Marquand (dir.), Mark Hamill, Harrison Ford",8.3,1057737,/title/tt0086190/
89,Eternal Sunshine of the Spotless Mind,2004,"Michel Gondry (dir.), Jim Carrey, Kate Winslet",8.3,1012059,/title/tt0338013/
90,2001: A Space Odyssey,1968,"Stanley Kubrick (dir.), Keir Dullea, Gary Lockwood",8.3,672618,/title/tt0062622/
91,Reservoir Dogs,1992,"Quentin Tarantino (dir.), Harvey Keitel, Tim Roth",8.3,1022672,/title/tt0105236/
92,Jagten,2012,"Thomas Vinterberg (dir.), Mads Mikkelsen, Thomas Bo Larsen",8.3,333382,/title/tt2106476/
93,Idi i smotri,1985,"Elem Klimov (dir.), Aleksey Kravchenko, Olga Mironova",8.3,81772,/title/tt0091251/
94,Top Gun: Maverick,2022,"Joseph Kosinski (dir.), Tom Cruise, Jennifer Connelly",8.3,494823,/title/tt1745960/
95,Citizen Kane,1941,"Orson Welles (dir.), Orson Welles, Joseph Cotten",8.3,444644,/title/tt0033467/
96,Lawrence of Arabia,1962,"David Lean (dir.), Peter O'Toole, Alec Guinness",8.3,296126,/title/tt0056172/
97,M - Eine Stadt sucht einen Mörder,1931,"Fritz Lang (dir.), Peter Lorre, Ellen Widmann",8.3,159551,/title/tt0022100/
98,North by Northwest,1959,"Alfred Hitchcock (dir.), Cary Grant, Eva Marie Saint",8.2,330489,/title/tt0053125/
99, Vertigo,1958,"Alfred Hitchcock (dir.), James Stewart, Kim Novak",8.2,404934,/title/tt0052357/
100,Le fabuleux destin d'Amélie Poulain,2001,"Jean-Pierre Jeunet (dir.), Audrey Tautou, Mathieu Kassovitz",8.2,759937,/title/tt0211915/
101,The Apartment,1960,"Billy Wilder (dir.), Jack Lemmon, Shirley MacLaine",8.2,183617,/title/tt0053604/
102,Ikiru,1952,"Akira Kurosawa (dir.), Takashi Shimura, Nobuo Kaneko",8.2,79810,/title/tt0044741/
103,A Clockwork Orange,1971,"Stanley Kubrick (dir.), Malcolm McDowell, Patrick Magee",8.2,833751,/title/tt0066921/
104,Double Indemnity,1944,"Billy Wilder (dir.), Fred MacMurray, Barbara Stanwyck",8.2,158916,/title/tt0036775/
105,Full Metal Jacket,1987,"Stanley Kubrick (dir.), Matthew Modine, R. Lee Ermey",8.2,746154,/title/tt0093058/
106,Scarface,1983,"Brian De Palma (dir.), Al Pacino, Michelle Pfeiffer",8.2,845797,/title/tt0086250/
107,Hamilton,2020,"Thomas Kail (dir.), Lin-Manuel Miranda, Phillipa Soo",8.2,96407,/title/tt8503618/
108,To Kill a Mockingbird,1962,"Robert Mulligan (dir.), Gregory Peck, John Megna",8.2,318573,/title/tt0056592/
109,Incendies,2010,"Denis Villeneuve (dir.), Lubna Azabal, Mélissa Désormeaux-Poulin",8.2,179871,/title/tt1255953/
110,The Sting,1973,"George Roy Hill (dir.), Paul Newman, Robert Redford",8.2,264852,/title/tt0070735/
111,Heat,1995,"Michael Mann (dir.), Al Pacino, Robert De Niro",8.2,658947,/title/tt0113277/
112,Up,2009,"Pete Docter (dir.), Edward Asner, Jordan Nagai",8.2,1048067,/title/tt1049413/
113,Jodaeiye Nader az Simin,2011,"Asghar Farhadi (dir.), Payman Maadi, Leila Hatami",8.2,246761,/title/tt1832382/
114,Taxi Driver,1976,"Martin Scorsese (dir.), Robert De Niro, Jodie Foster",8.2,838046,/title/tt0075314/
115,Metropolis,1927,"Fritz Lang (dir.), Brigitte Helm, Alfred Abel",8.2,175971,/title/tt0017136/
116,LA Confidential,1997,"Curtis Hanson (dir.), Kevin Spacey, Russell Crowe",8.2,585943,/title/tt0119488/
117,Die Hard,1988,"John McTiernan (dir.), Bruce Willis, Alan Rickman",8.2,888971,/title/tt0095016/
118,Snatch,2000,"Guy Ritchie (dir.), Jason Statham, Brad Pitt",8.2,860233,/title/tt0208092/
119,Indiana Jones and the Last Crusade,1989,"Steven Spielberg (dir.), Harrison Ford, Sean Connery",8.2,758792,/title/tt0097576/
120,Ladri di biciclette,1948,"Vittorio De Sica (dir.), Lamberto Maggiorani, Enzo Staiola",8.2,165144,/title/tt0040522/
121,Taare Zameen Par,2007,"Aamir Khan (dir.), Darsheel Safary, Aamir Khan",8.2,195031,/title/tt0986264/
122,1917,2019,"Sam Mendes (dir.), Dean-Charles Chapman, George MacKay",8.2,595568,/title/tt8579674/
123,Der Untergang,2004,"Oliver Hirschbiegel (dir.), Bruno Ganz, Alexandra Maria Lara",8.2,358006,/title/tt0363163/
124,Per qualche dollaro in più,1965,"Sergio Leone (dir.), Clint Eastwood, Lee Van Cleef",8.2,258966,/title/tt0059578/
125,Dangal,2016,"Nitesh Tiwari (dir.), Aamir Khan, Sakshi Tanwar",8.2,193015,/title/tt5074352/
126,Batman Begins,2005,"Christopher Nolan (dir.), Christian Bale, Michael Caine",8.2,1475784,/title/tt0372784/
127,The Kid,1921,"Charles Chaplin (dir.), Charles Chaplin, Edna Purviance",8.2,127735,/title/tt0012349/
128,Some Like It Hot,1959,"Billy Wilder (dir.), Marilyn Monroe, Tony Curtis",8.2,269562,/title/tt0053291/
129,The Father,2020,"Florian Zeller (dir.), Anthony Hopkins, Olivia Colman",8.2,156928,/title/tt10272386/
130,All About Eve,1950,"Joseph L. Mankiewicz (dir.), Bette Davis, Anne Baxter",8.2,132598,/title/tt0042192/
131,Green Book,2018,"Peter Farrelly (dir.), Viggo Mortensen, Mahershala Ali",8.2,496632,/title/tt6966692/
132,The Wolf of Wall Street,2013,"Martin Scorsese (dir.), Leonardo DiCaprio, Jonah Hill",8.2,1417784,/title/tt0993846/
133,Judgment at Nuremberg,1961,"Stanley Kramer (dir.), Spencer Tracy, Burt Lancaster",8.2,78637,/title/tt0055031/
134,Casino,1995,"Martin Scorsese (dir.), Robert De Niro, Sharon Stone",8.2,523993,/title/tt0112641/
135,Ran,1985,"Akira Kurosawa (dir.), Tatsuya Nakadai, Akira Terao",8.2,127096,/title/tt0089881/
136,Pan's Labyrinth,2006,"Guillermo del Toro (dir.), Ivana Baquero, Ariadna Gil",8.2,672569,/title/tt0457430/
137,Unforgiven,1992,"Clint Eastwood (dir.), Clint Eastwood, Gene Hackman",8.2,414688,/title/tt0105695/
138,The Truman Show,1998,"Peter Weir (dir.), Jim Carrey, Ed Harris",8.2,1087418,/title/tt0120382/
139,There Will Be Blood,2007,"Paul Thomas Anderson (dir.), Daniel Day-Lewis, Paul Dano",8.2,590444,/title/tt0469494/
140,The Sixth Sense,1999,"M. Night Shyamalan (dir.), Bruce Willis, Haley Joel Osment",8.2,995611,/title/tt0167404/
141,A Beautiful Mind,2001,"Ron Howard (dir.), Russell Crowe, Ed Harris",8.2,936245,/title/tt0268978/
142,Shutter Island,2010,"Martin Scorsese (dir.), Leonardo DiCaprio, Emily Mortimer",8.2,1321449,/title/tt1130884/
143,Yôjinbô,1961,"Akira Kurosawa (dir.), Toshirô Mifune, Eijirô Tôno",8.1,124215,/title/tt0055630/
144,Jurassic Park,1993,"Steven Spielberg (dir.), Sam Neill, Laura Dern",8.1,992783,/title/tt0107290/
145,The Treasure of the Sierra Madre,1948,"John Huston (dir.), Humphrey Bogart, Walter Huston",8.1,126241,/title/tt0040897/
146,Monty Python and the Holy Grail,1975,"Terry Gilliam (dir.), Graham Chapman, John Cleese",8.1,544616,/title/tt0071853/
147,Spider-Man: No Way Home,2021,"Jon Watts (dir.), Tom Holland, Zendaya",8.1,760251,/title/tt10872600/
148,The Great Escape,1963,"John Sturges (dir.), Steve McQueen, James Garner",8.1,246543,/title/tt0057115/
149,Rashômon,1950,"Akira Kurosawa (dir.), Toshirô Mifune, Machiko Kyô",8.1,170288,/title/tt0042876/
150,No Country for Old Men,2007,"Ethan Coen (dir.), Tommy Lee Jones, Javier Bardem",8.1,978585,/title/tt0477348/
151,Kill Bill: Vol 1,2003,"Quentin Tarantino (dir.), Uma Thurman, David Carradine",8.1,1120265,/title/tt0266697/
152,The Thing,1982,"John Carpenter (dir.), Kurt Russell, Wilford Brimley",8.1,428979,/title/tt0084787/
153,Finding Nemo,2003,"Andrew Stanton (dir.), Albert Brooks, Ellen DeGeneres",8.1,1047669,/title/tt0266543/
154,The Elephant Man,1980,"David Lynch (dir.), Anthony Hopkins, John Hurt",8.1,243589,/title/tt0080678/
155,Chinatown,1974,"Roman Polanski (dir.), Jack Nicholson, Faye Dunaway",8.1,329475,/title/tt0071315/
156,Raging Bull,1980,"Martin Scorsese (dir.), Robert De Niro, Cathy Moriarty",8.1,356872,/title/tt0081398/
157,V for Vendetta,2005,"James McTeigue (dir.), Hugo Weaving, Natalie Portman",8.1,1125797,/title/tt0434409/
158,Gone with the Wind,1939,"Victor Fleming (dir.), Clark Gable, Vivien Leigh",8.1,317842,/title/tt0031381/
159,"Lock, Stock and Two Smoking Barrels",1998,"Guy Ritchie (dir.), Jason Flemyng, Dexter Fletcher",8.1,585814,/title/tt0120735/
160,Inside Out,2015,"Pete Docter (dir.), Amy Poehler, Bill Hader",8.1,717940,/title/tt2096673/
161,Dial M for Murder,1954,"Alfred Hitchcock (dir.), Ray Milland, Grace Kelly",8.1,177828,/title/tt0046912/
162,El secreto de sus ojos,2009,"Juan José Campanella (dir.), Ricardo Darín, Soledad Villamil",8.1,211478,/title/tt1305806/
163,Hauru no ugoku shiro,2004,"Hayao Miyazaki (dir.), Chieko Baishô, Takuya Kimura",8.1,399003,/title/tt0347149/
164,"Three Billboards Outside Ebbing, Missouri",2017,"Martin McDonagh (dir.), Frances McDormand, Woody Harrelson",8.1,511773,/title/tt5027774/
165,The Bridge on the River Kwai,1957,"David Lean (dir.), William Holden, Alec Guinness",8.1,222694,/title/tt0050212/
166,Trainspotting,1996,"Danny Boyle (dir.), Ewan McGregor, Ewen Bremner",8.1,690748,/title/tt0117951/
167,Prisoners,2013,"Denis Villeneuve (dir.), Hugh Jackman, Jake Gyllenhaal",8.1,722142,/title/tt1392214/
168,Warrior,2011,"Gavin O'Connor (dir.), Tom Hardy, Nick Nolte",8.1,475383,/title/tt1291584/
169,Fargo,1996,"Joel Coen (dir.), William H. Macy, Frances McDormand",8.1,681841,/title/tt0116282/
170,Gran Torino,2008,"Clint Eastwood (dir.), Clint Eastwood, Bee Vang",8.1,779227,/title/tt1205489/
171,Tonari no Totoro,1988,"Hayao Miyazaki (dir.), Hitoshi Takagi, Noriko Hidaka",8.1,342784,/title/tt0096283/
172,Catch Me If You Can,2002,"Steven Spielberg (dir.), Leonardo DiCaprio, Tom Hanks",8.1,989383,/title/tt0264464/
173,Million Dollar Baby,2004,"Clint Eastwood (dir.), Hilary Swank, Clint Eastwood",8.1,690362,/title/tt0405159/
174,Bacheha-Ye aseman,1997,"Majid Majidi (dir.), Mohammad Amir Naji, Amir Farrokh Hashemian",8.1,75743,/title/tt0118849/
175,Blade Runner,1982,"Ridley Scott (dir.), Harrison Ford, Rutger Hauer",8.1,774106,/title/tt0083658/
176,The Gold Rush,1925,"Charles Chaplin (dir.), Charles Chaplin, Mack Swain",8.1,112649,/title/tt0015864/
177,Before Sunrise,1995,"Richard Linklater (dir.), Ethan Hawke, Julie Delpy",8.1,311524,/title/tt0112471/
178,12 Years a Slave,2013,"Steve McQueen (dir.), Chiwetel Ejiofor, Michael Kenneth Williams",8.1,704403,/title/tt2024544/
179,On the Waterfront,1954,"Elia Kazan (dir.), Marlon Brando, Karl Malden",8.1,156656,/title/tt0047296/
180,Harry Potter and the Deathly Hallows - Part 2,2011,"David Yates (dir.), Daniel Radcliffe, Emma Watson",8.1,879970,/title/tt1201607/
181,Klaus,2019,"Sergio Pablos (dir.), Jason Schwartzman, J.K. Simmons",8.1,160244,/title/tt4729430/
182,Ben-Hur,1959,"William Wyler (dir.), Charlton Heston, Jack Hawkins",8.1,241114,/title/tt0052618/
183,Gone Girl,2014,"David Fincher (dir.), Ben Affleck, Rosamund Pike",8.1,987810,/title/tt2267998/
184,Smultronstället,1957,"Ingmar Bergman (dir.), Victor Sjöström, Bibi Andersson",8.1,108608,/title/tt0050986/
185,The Grand Budapest Hotel,2014,"Wes Anderson (dir.), Ralph Fiennes, F. Murray Abraham",8.1,815624,/title/tt2278388/
186,The General,1926,"Clyde Bruckman (dir.), Buster Keaton, Marion Mack",8.1,92639,/title/tt0017925/
187,The Third Man,1949,"Carol Reed (dir.), Orson Welles, Joseph Cotten",8.1,173338,/title/tt0041959/
188,In the Name of the Father,1993,"Jim Sheridan (dir.), Daniel Day-Lewis, Pete Postlethwaite",8.1,176919,/title/tt0107207/
189,The Deer Hunter,1978,"Michael Cimino (dir.), Robert De Niro, Christopher Walken",8.1,341797,/title/tt0077416/
190,Barry Lyndon,1975,"Stanley Kubrick (dir.), Ryan O'Neal, Marisa Berenson",8.1,170169,/title/tt0072684/
191,Le salaire de la peur,1953,"Henri-Georges Clouzot (dir.), Yves Montand, Charles Vanel",8.1,62130,/title/tt0046268/
192,Hacksaw Ridge,2016,"Mel Gibson (dir.), Andrew Garfield, Sam Worthington",8.1,530620,/title/tt2119532/
193,Salinui chueok,2003,"Bong Joon Ho (dir.), Song Kang-ho, Kim Sang-kyung",8.1,187643,/title/tt0353969/
194,Mr Smith Goes to Washington,1939,"Frank Capra (dir.), James Stewart, Jean Arthur",8.1,116768,/title/tt0031679/
195,Sherlock Jr,1924,"Buster Keaton (dir.), Buster Keaton, Kathryn McGuire",8.1,51137,/title/tt0015324/
196,Relatos salvajes,2014,"Damián Szifron (dir.), Darío Grandinetti, María Marull",8.1,200568,/title/tt3011894/
197,Mad Max: Fury Road,2015,"George Miller (dir.), Tom Hardy, Charlize Theron",8.1,1007339,/title/tt1392190/
198,Det sjunde inseglet,1957,"Ingmar Bergman (dir.), Max von Sydow, Gunnar Björnstrand",8.1,187097,/title/tt0050976/
199,Mary and Max,2009,"Adam Elliot (dir.), Toni Collette, Philip Seymour Hoffman",8.1,178672,/title/tt0978762/
200,Room,2015,"Lenny Abrahamson (dir.), Brie Larson, Jacob Tremblay",8.1,423918,/title/tt3170832/
201,How to Train Your Dragon,2010,"Dean DeBlois (dir.), Jay Baruchel, Gerard Butler",8.1,744304,/title/tt0892769/
202,"Monsters, Inc",2001,"Pete Docter (dir.), Billy Crystal, John Goodman",8.1,913138,/title/tt0198781/
203,Jaws,1975,"Steven Spielberg (dir.), Roy Scheider, Robert Shaw",8.1,610500,/title/tt0073195/
204,The Big Lebowski,1998,"Joel Coen (dir.), Jeff Bridges, John Goodman",8.1,812837,/title/tt0118715/
205,Dead Poets Society,1989,"Peter Weir (dir.), Robin Williams, Robert Sean Leonard",8.1,495503,/title/tt0097165/
206,Tôkyô monogatari,1953,"Yasujirô Ozu (dir.), Chishû Ryû, Chieko Higashiyama",8.1,62834,/title/tt0046438/
207,La passion de Jeanne d'Arc,1928,"Carl Theodor Dreyer (dir.), Maria Falconetti, Eugene Silvain",8.1,55876,/title/tt0019254/
208,Hotel Rwanda,2004,"Terry George (dir.), Don Cheadle, Sophie Okonedo",8.1,357767,/title/tt0395169/
209,Ford v Ferrari,2019,"James Mangold (dir.), Matt Damon, Christian Bale",8,398617,/title/tt1950186/
210,Rocky,1976,"John G. Avildsen (dir.), Sylvester Stallone, Talia Shire",8,580523,/title/tt0075148/
211,Platoon,1986,"Oliver Stone (dir.), Charlie Sheen, Tom Berenger",8,417029,/title/tt0091763/
212,Spotlight,2015,"Tom McCarthy (dir.), Mark Ruffalo, Michael Keaton",8,472956,/title/tt1895587/
213,Ratatouille,2007,"Brad Bird (dir.), Brad Garrett, Lou Romano",8,742439,/title/tt0382932/
214,The Terminator,1984,"James Cameron (dir.), Arnold Schwarzenegger, Linda Hamilton",8,869451,/title/tt0088247/
215,Stand by Me,1986,"Rob Reiner (dir.), Wil Wheaton, River Phoenix",8,407507,/title/tt0092005/
216,Logan,2017,"James Mangold (dir.), Hugh Jackman, Patrick Stewart",8,767639,/title/tt3315342/
217,Rush,2013,"Ron Howard (dir.), Daniel Brühl, Chris Hemsworth",8,482896,/title/tt1979320/
218,Network,1976,"Sidney Lumet (dir.), Faye Dunaway, William Holden",8,161093,/title/tt0074958/
219,Pather Panchali,1955,"Satyajit Ray (dir.), Kanu Bannerjee, Karuna Bannerjee",8,33812,/title/tt0048473/
220,Into the Wild,2007,"Sean Penn (dir.), Emile Hirsch, Vince Vaughn",8,626477,/title/tt0758758/
221,Before Sunset,2004,"Richard Linklater (dir.), Ethan Hawke, Julie Delpy",8,266992,/title/tt0381681/
222,The Wizard of Oz,1939,"Victor Fleming (dir.), Judy Garland, Frank Morgan",8,403319,/title/tt0032138/
223,Groundhog Day,1993,"Harold Ramis (dir.), Bill Murray, Andie MacDowell",8,635781,/title/tt0107048/
224,The Best Years of Our Lives,1946,"William Wyler (dir.), Myrna Loy, Dana Andrews",8,65633,/title/tt0036868/
225,The Exorcist,1973,"William Friedkin (dir.), Ellen Burstyn, Max von Sydow",8,411763,/title/tt0070047/
226,The Incredibles,2004,"Brad Bird (dir.), Craig T. Nelson, Samuel L. Jackson",8,742500,/title/tt0317705/
227,To Be or Not to Be,1942,"Ernst Lubitsch (dir.), Carole Lombard, Jack Benny",8,38356,/title/tt0035446/
228,La battaglia di Algeri,1966,"Gillo Pontecorvo (dir.), Brahim Hadjadj, Jean Martin",8,61120,/title/tt0058946/
229,La haine,1995,"Mathieu Kassovitz (dir.), Vincent Cassel, Hubert Koundé",8,176278,/title/tt0113247/
230,Hachi: A Dog's Tale,2009,"Lasse Hallström (dir.), Richard Gere, Joan Allen",8,288050,/title/tt1028532/
231,Pirates of the Caribbean: The Curse of the Black Pearl,2003,"Gore Verbinski (dir.), Johnny Depp, Geoffrey Rush",8,1131723,/title/tt0325980/
232,Babam ve Oglum,2005,"Çagan Irmak (dir.), Çetin Tekindor, Fikret Kuskan",8,87522,/title/tt0476735/
233,Jai Bhim,2021,"T.J. Gnanavel (dir.), Suriya, Lijo Mol Jose",8,203091,/title/tt15097216/
234,The Grapes of Wrath,1940,"John Ford (dir.), Henry Fonda, Jane Darwell",8,94397,/title/tt0032551/
235,Amores perros,2000,"Alejandro G. Iñárritu (dir.), Emilio Echevarría, Gael García Bernal",8,242350,/title/tt0245712/
236,Rebecca,1940,"Alfred Hitchcock (dir.), Laurence Olivier, Joan Fontaine",8,138694,/title/tt0032976/
237,Cool Hand Luke,1967,"Stuart Rosenberg (dir.), Paul Newman, George Kennedy",8,179011,/title/tt0061512/
238,Ah-ga-ssi,2016,"Park Chan-wook (dir.), Kim Min-hee, Ha Jung-woo",8,150549,/title/tt4016934/
239,Les quatre cents coups,1959,"François Truffaut (dir.), Jean-Pierre Léaud, Albert Rémy",8,119558,/title/tt0053198/
240,The Sound of Music,1965,"Robert Wise (dir.), Julie Andrews, Christopher Plummer",8,238549,/title/tt0059742/
241,It Happened One Night,1934,"Frank Capra (dir.), Clark Gable, Claudette Colbert",8,105358,/title/tt0025316/
242,Persona,1966,"Ingmar Bergman (dir.), Bibi Andersson, Liv Ullmann",8,120641,/title/tt0060827/
243,Life of Brian,1979,"Terry Jones (dir.), Graham Chapman, John Cleese",8,402681,/title/tt0079470/
244,The Iron Giant,1999,"Brad Bird (dir.), Eli Marienthal, Harry Connick Jr.",8,201640,/title/tt0129167/
245,Dersu Uzala,1975,"Akira Kurosawa (dir.), Maksim Munzuk, Yuriy Solomin",8,30634,/title/tt0071411/
246,The Help,2011,"Tate Taylor (dir.), Viola Davis, Emma Stone",8,462264,/title/tt1454029/
247,Aladdin,1992,"Ron Clements (dir.), Scott Weinger, Robin Williams",8,424316,/title/tt0103639/
248,Gandhi,1982,"Richard Attenborough (dir.), Ben Kingsley, John Gielgud",8,233438,/title/tt0083987/
249,Dances with Wolves,1990,"Kevin Costner (dir.), Kevin Costner, Mary McDonnell",8,268356,/title/tt0099348/
